用户,度中心性,介数中心性,接近中心性,特征向量中心性,综合中心性
User_004,0.16387959866220736,0.1717795109098263,0.4925864909390445,0.3147375096150946,0.9978330269823157
User_005,0.15384615384615385,0.1500665173306933,0.48697068403908794,0.31818500117599596,0.9414324120445032
User_006,0.1471571906354515,0.13599432417980128,0.4671875,0.2635747469868109,0.8622530150018299
User_007,0.13712374581939799,0.12283490732453337,0.47086614173228347,0.26763655142489307,0.8249504469990033
User_000,0.11371237458193979,0.0944592645198119,0.4664586583463339,0.2587514851093535,0.7251630078418505
User_012,0.10702341137123746,0.08091051011131072,0.43459302325581395,0.16307812870343363,0.6161812050040122
User_003,0.09364548494983277,0.0686995010186672,0.43270622286541244,0.156284920065278,0.5653297468665106
User_010,0.0903010033444816,0.0542076056158268,0.41585535465924894,0.15740640223341548,0.5277614261468598
User_008,0.06688963210702341,0.0399431037120011,0.41412742382271467,0.12495654214364496,0.4388939777743813
User_034,0.07357859531772575,0.03749177520171376,0.39866666666666667,0.10077900496218024,0.42538328008907866
User_009,0.06020066889632107,0.0382441758329817,0.4056987788331072,0.11656077049392179,0.41498254162403936
User_001,0.06020066889632107,0.03189979459519173,0.4107142857142857,0.1227604498438009,0.40983585557687363
User_014,0.06354515050167224,0.03689158648412944,0.39707835325365204,0.09806605515093487,0.40361759588446117
User_022,0.06020066889632107,0.032485415475201194,0.3997326203208556,0.0914455142705324,0.3867163450129971
User_025,0.056856187290969896,0.02489531785059571,0.4008042895442359,0.12012187787153106,0.38579844294675963
User_016,0.056856187290969896,0.027503437179135122,0.40460081190798375,0.10946297065925255,0.3851949740076592
User_056,0.046822742474916385,0.025359228645778217,0.3981358189081225,0.1074042759894307,0.35916398748987577
User_030,0.04013377926421405,0.022907160389511617,0.38333333333333336,0.07552596855988446,0.3165890377132381
User_045,0.046822742474916385,0.0207083707095604,0.3756281407035176,0.06314331253034464,0.3140821460644506
User_013,0.04013377926421405,0.017914009324230557,0.3858064516129032,0.0807664525174259,0.3121669959889729
User_020,0.033444816053511704,0.015431302530123746,0.3898305084745763,0.09412656400874943,0.30561778547838464
User_029,0.03678929765886287,0.015566596250473163,0.3868046571798189,0.07237402690782167,0.2970750718817877
User_011,0.030100334448160536,0.014423141382619464,0.3908496732026144,0.08917057537642643,0.2950332984961448
User_015,0.030100334448160536,0.014981923714971125,0.38831168831168833,0.07871804521156506,0.28840860093787324
User_031,0.03678929765886287,0.01616918314015812,0.37142857142857144,0.0640281808350281,0.2866385373017902
User_026,0.03678929765886287,0.01478391888480821,0.36552567237163813,0.05865796819241256,0.27844705350076304
User_018,0.030100334448160536,0.010785297056751212,0.3799237611181703,0.07807472838911093,0.27726947472725294
User_074,0.026755852842809364,0.012221203282866138,0.3770491803278688,0.08254432992135821,0.27529702623903884
User_051,0.033444816053511704,0.010577569674938843,0.3709677419354839,0.06460112029069819,0.2709237795768268
User_071,0.033444816053511704,0.011235331506376907,0.3628640776699029,0.06095784202895922,0.26649222313947435
User_019,0.030100334448160536,0.009902394054435033,0.3732833957553059,0.06692469247676189,0.26602290553794844
User_046,0.030100334448160536,0.012308402001755953,0.3705080545229244,0.06165990149486133,0.26578870919780806
User_093,0.026755852842809364,0.011932923036833241,0.37896070975918883,0.06588048794137434,0.2650953755951687
User_033,0.030100334448160536,0.009105575436639092,0.3677736777367774,0.07001578430616238,0.26433721822529904
User_161,0.033444816053511704,0.01599720719569561,0.3624242424242424,0.04430357780468379,0.2641616091241486
User_021,0.023411371237458192,0.007906147448843583,0.3770491803278688,0.08226198458508208,0.2614611842509106
User_043,0.026755852842809364,0.009616956969457736,0.3682266009852217,0.06413570975702389,0.25559574468481294
User_085,0.023411371237458192,0.00989748502794577,0.3732833957553059,0.06457796057237666,0.2522943604636794
User_095,0.030100334448160536,0.011308635712378978,0.3568019093078759,0.05014297009902371,0.25123858094502555
User_128,0.026755852842809364,0.011799992479313967,0.36552567237163813,0.052655874481275726,0.2510957965736358
User_027,0.030100334448160536,0.010719726652478778,0.3576555023923445,0.04649433687199105,0.24826326781487873
User_023,0.026755852842809364,0.004847038091209545,0.35808383233532937,0.06358455243378247,0.24280083411984485
User_024,0.020066889632107024,0.004659910846067647,0.3742177722152691,0.07132493483059524,0.24164517039556688
User_091,0.023411371237458192,0.004922733598374058,0.36552567237163813,0.06622283849287017,0.24149045268909086
User_151,0.026755852842809364,0.010810391833338187,0.35468564650059314,0.04694837181391063,0.24137872820598202
User_041,0.026755852842809364,0.004374521662546733,0.35510688836104515,0.06352449579054346,0.24072917120091053
User_044,0.020066889632107024,0.003558412330651139,0.3756281407035176,0.0719579087886285,0.24069198933102123
User_080,0.026755852842809364,0.00809826194926385,0.35468564650059314,0.05331918752521867,0.24064666995709144
User_037,0.026755852842809364,0.006965750424295706,0.3568019093078759,0.05083928530208318,0.23796928880733276
User_058,0.020066889632107024,0.005336502650777077,0.36732186732186733,0.06720990989494725,0.23744035011740688
User_099,0.023411371237458192,0.00943926660014305,0.3589435774309724,0.050989092954853404,0.23713037395238062
User_062,0.020066889632107024,0.008010083657725273,0.3682266009852217,0.05657184327662857,0.2357901805070052
User_069,0.023411371237458192,0.006564252765583048,0.3624242424242424,0.05429183031253331,0.23559858386260651
User_192,0.016722408026755852,0.005519213092182467,0.3751568381430364,0.06565201935900235,0.23383891087917646
User_098,0.026755852842809364,0.005817796593773869,0.35135135135135137,0.044138941102768545,0.22953983505520392
User_114,0.023411371237458192,0.0070963031394061776,0.3517647058823529,0.04997778207425019,0.22948812375935373
User_086,0.016722408026755852,0.002289378941590201,0.3705080545229244,0.06917567260403024,0.22852559454178703
User_038,0.016722408026755852,0.003931883018598307,0.3709677419354839,0.06265801597466973,0.22748397497364364
User_055,0.020066889632107024,0.00511601760607561,0.3624242424242424,0.0522587709997293,0.22566899085443476
User_191,0.016722408026755852,0.00812982834158594,0.36330498177399756,0.0526539861556186,0.225415952040928
User_081,0.030100334448160536,0.007205807849639803,0.34015927189988626,0.030976769892570588,0.22526885048618653
User_094,0.023411371237458192,0.006480153124708274,0.3440736478711162,0.044222134610318535,0.2216715408403701
User_186,0.020066889632107024,0.008342990239656383,0.3542654028436019,0.041423840012129724,0.2211815434166472
User_105,0.020066889632107024,0.008019976098016215,0.34889148191365227,0.04362810898066083,0.21982103040382697
User_078,0.020066889632107024,0.004110605396452099,0.3555291319857313,0.04935224289613103,0.21928661857798795
User_097,0.026755852842809364,0.005042960239752778,0.33747178329571104,0.03828151768781599,0.21886948629880476
User_134,0.023411371237458192,0.007866871349681743,0.3344519015659955,0.03650240286486825,0.21533436360699476
User_115,0.026755852842809364,0.008504954290224458,0.326775956284153,0.029566330980951808,0.21509481565021424
User_002,0.010033444816053512,0.00016854839343439238,0.3732833957553059,0.07129439641865543,0.2150354256570651
User_076,0.020066889632107024,0.0048134653623702435,0.35135135135135137,0.04252546020406732,0.21452677026635775
User_064,0.013377926421404682,0.0018635341621473192,0.37281795511221943,0.05613451660801432,0.2144000896130226
User_039,0.020066889632107024,0.0025805588745976635,0.34566473988439306,0.04963301408793502,0.21278584921195903
User_047,0.020066889632107024,0.0036514749458915995,0.3517647058823529,0.04226369950828037,0.21250073795780172
User_111,0.013377926421404682,0.0007125769340404613,0.36330498177399756,0.06197344114611434,0.21219771570473633
User_049,0.016722408026755852,0.002253403203835205,0.35217903415783275,0.055005824010047596,0.2121141426723826
User_068,0.016722408026755852,0.0038815893472069715,0.35851318944844124,0.04623533698148308,0.21201661909385391
User_050,0.020066889632107024,0.006318711210278273,0.3468677494199536,0.036047477254865866,0.21126330234355847
User_267,0.010033444816053512,0.0005504588799283437,0.37281795511221943,0.06378481130637867,0.21079316194357714
User_079,0.020066889632107024,0.003293285211549316,0.3464658169177289,0.04394751816957872,0.21078212098016008
User_077,0.020066889632107024,0.00462290063294981,0.3484848484848485,0.03848338971897803,0.21048940100629768
User_129,0.023411371237458192,0.00590150875482753,0.33861834654586637,0.031561344534773404,0.2104878888527584
User_195,0.016722408026755852,0.0036287495808121862,0.35384615384615387,0.04625410437266035,0.20969193987288665
User_104,0.016722408026755852,0.003582518762369054,0.3492990654205608,0.04798844107173234,0.20885513566887298
User_067,0.013377926421404682,0.0009625975316250487,0.359375,0.05806492431008922,0.20858194898248716
User_150,0.016722408026755852,0.003531202767269599,0.35510688836104515,0.04341775612417101,0.2082506355738834
User_113,0.016722408026755852,0.005592107576973168,0.3492990654205608,0.04085147083180306,0.20787868073377871
User_053,0.016722408026755852,0.0016728241822066064,0.35093896713615025,0.05064551988921132,0.20785597779599005
User_061,0.023411371237458192,0.003540706850532848,0.3352017937219731,0.03519409680661355,0.20726115826792915
User_117,0.030100334448160536,0.005245838161406038,0.3194444444444444,0.02087705477230933,0.20708694630879282
User_136,0.020066889632107024,0.00548867522635467,0.34486735870818913,0.032764184640713755,0.20693774485237332
User_156,0.026755852842809364,0.004783506846920575,0.32219827586206895,0.02937744001233712,0.20661822711025538
User_135,0.016722408026755852,0.0035651173749029087,0.3505275498241501,0.043350710170176054,0.20640841879757466
User_224,0.016722408026755852,0.0031937819164138074,0.3492990654205608,0.04447064932773568,0.20596507473370684
User_259,0.013377926421404682,0.0041003406243533755,0.359375,0.04440709845372571,0.20547694814281414
User_059,0.023411371237458192,0.00564099104155327,0.3307522123893805,0.029378039491161634,0.20546675649631788
User_070,0.023411371237458192,0.0043321874663867065,0.33148558758314856,0.03235141137088025,0.20534775241781522
User_072,0.010033444816053512,0.000629098393584481,0.3659730722154223,0.059158854882632395,0.20524362517991243
User_112,0.016722408026755852,0.006413840648173587,0.34486735870818913,0.03720578390344592,0.2052228621854561
User_083,0.010033444816053512,0.0,0.36507936507936506,0.06019196211215247,0.20443146429614936
User_120,0.020066889632107024,0.00272490542927944,0.33900226757369617,0.04006752529904209,0.20432030935783563
User_054,0.020066889632107024,0.0020854454240421504,0.3363329583802025,0.04281784114445123,0.2038485001073433
User_169,0.016722408026755852,0.0030190901549698567,0.34566473988439306,0.04335477202035204,0.2034829780332181
User_200,0.013377926421404682,0.0027312931288290786,0.35384615384615387,0.04832004507385476,0.20330072898541413
User_048,0.020066889632107024,0.003574062475292125,0.3382352941176471,0.0365121270137213,0.20325709225503058
User_139,0.016722408026755852,0.0026600738134439153,0.3480791618160652,0.0408854059266211,0.2022841292948664
User_107,0.016722408026755852,0.005410638869680925,0.33938706015891035,0.03872287871222676,0.20219932743655025
User_040,0.013377926421404682,0.001782798724451405,0.3576555023923445,0.04626248100431837,0.20189761372669565
User_122,0.013377926421404682,0.0010692221510824542,0.35980746089049337,0.045173181102718916,0.20084044828145498
User_130,0.016722408026755852,0.004096001007029007,0.34210526315789475,0.03785622273156624,0.2004623064799077
User_159,0.013377926421404682,0.003056394310636287,0.3534278959810875,0.04316750146186966,0.20045996336939526
User_116,0.023411371237458192,0.00368439488823947,0.32893289328932895,0.02785110216307551,0.20035124878862495
User_281,0.010033444816053512,0.0010673998781403286,0.3619854721549637,0.05218763038378877,0.20000817141703509
User_133,0.013377926421404682,0.0029196837713854036,0.3530106257378985,0.04256214576933763,0.19967128311358415
User_144,0.016722408026755852,0.0023009359814413805,0.34566473988439306,0.03837453163879381,0.19909837027027927
User_084,0.013377926421404682,0.0023137638108892225,0.35011709601873536,0.04347529484376582,0.19801223200688242
User_060,0.020066889632107024,0.003780512742919324,0.326775956284153,0.03387880296874895,0.19730970531257205
User_017,0.010033444816053512,0.0006109628143205001,0.359375,0.04885870930338862,0.1960586905778769
User_123,0.013377926421404682,0.0011982298180393822,0.3505275498241501,0.04310747278429837,0.1959994881204455
User_028,0.013377926421404682,0.0028151999771016765,0.3484848484848485,0.037749081451076076,0.19462592918990254
User_165,0.016722408026755852,0.0032455866488405615,0.3348264277715566,0.03419240584710143,0.1937188209389704
User_199,0.016722408026755852,0.003091231171423266,0.3333333333333333,0.034199651250769035,0.19284757860787724
User_190,0.013377926421404682,0.003949882044911117,0.3382352941176471,0.038095111939625295,0.19266354405947728
User_264,0.010033444816053512,0.0005471759540928362,0.35259433962264153,0.047441485132874064,0.19230338973254515
User_170,0.016722408026755852,0.002728998401447479,0.3307522123893805,0.0351737457729007,0.1917792612727137
User_088,0.020066889632107024,0.0035898383193209474,0.323943661971831,0.027252939778125422,0.19166195181410733
User_138,0.016722408026755852,0.003089633645301617,0.3348264277715566,0.030277573833674534,0.1909857338091932
User_126,0.013377926421404682,0.0016341114549058818,0.3424971363115693,0.03900004755831194,0.19091842927985458
User_246,0.010033444816053512,0.0009105263620341454,0.35217903415783275,0.044279677248516267,0.19078192933035365
User_066,0.010033444816053512,0.0004885995948610504,0.3517647058823529,0.045178844589705634,0.1904420256075392
User_143,0.010033444816053512,0.0008598031509574563,0.3534278959810875,0.04277238203545207,0.19025297478949177
User_103,0.013377926421404682,0.0013848288311543993,0.3409350057012543,0.038524686837192824,0.18955002436720658
User_178,0.013377926421404682,0.002393846204938083,0.3424971363115693,0.034545879211850455,0.1894455139447097
User_102,0.020066889632107024,0.003806448472656398,0.3225458468176915,0.023907230883969455,0.18936970817653098
User_042,0.020066889632107024,0.0031811942822717854,0.32116004296455425,0.025077221042932637,0.1884504996004232
User_125,0.013377926421404682,0.0014865100637676835,0.3409350057012543,0.03607919582130812,0.18819045259050193
User_197,0.013377926421404682,0.0034703064329972342,0.33861834654586637,0.03202224945567576,0.18816433862320833
User_231,0.013377926421404682,0.0012789586024315345,0.3382352941176471,0.03776527127025469,0.18779165074257848
User_229,0.013377926421404682,0.002622366923434615,0.3348264277715566,0.03575951926318209,0.18749299843247913
User_289,0.010033444816053512,0.0005177040303039212,0.34889148191365227,0.04157916122586926,0.18706363224807335
User_119,0.010033444816053512,0.0010033347167344665,0.3517647058823529,0.03813280240870345,0.18691207530169549
User_096,0.016722408026755852,0.002534624664969819,0.33148558758314856,0.026279265209446366,0.18614680677590545
User_052,0.010033444816053512,0.0003232344891050499,0.3468677494199536,0.0410909302780857,0.18559544485940205
User_253,0.010033444816053512,0.0010062661089126107,0.34526558891454967,0.03938947694567408,0.18506832465875273
User_268,0.010033444816053512,0.0019162894419574785,0.3444700460829493,0.03643714548000804,0.1844788729903319
User_075,0.016722408026755852,0.0023333286774901594,0.326775956284153,0.027083396714352642,0.18438850268626508
User_221,0.010033444816053512,0.0003216953117869712,0.34328358208955223,0.041370089727770704,0.18431298284145112
User_261,0.013377926421404682,0.0012533371156137508,0.3333333333333333,0.034865805045346046,0.1839341069014335
User_163,0.013377926421404682,0.0010700167766279681,0.3322222222222222,0.03570248772953356,0.18368872787429985
User_201,0.013377926421404682,0.0027128941828738974,0.3344519015659955,0.029374823216005843,0.1834858349609066
User_162,0.013377926421404682,0.0020360280173157557,0.3363329583802025,0.02996358281694117,0.18343755967002157
User_108,0.020066889632107024,0.0028711912652514726,0.31407563025210083,0.02242767504015463,0.18336727666064925
User_179,0.013377926421404682,0.0020279543685544268,0.3363329583802025,0.029850667306659126,0.1833524848959076
User_110,0.013377926421404682,0.002230247988763438,0.33002207505518766,0.032092477280781635,0.1825525538253161
User_118,0.013377926421404682,0.0016799475463867867,0.3325917686318131,0.031599675964061776,0.18232508490777977
User_057,0.010033444816053512,0.0005996497209180343,0.3424971363115693,0.037792118247293706,0.18223010840402848
User_222,0.010033444816053512,0.0006737148634817064,0.3444700460829493,0.036199941422016484,0.18215971171399356
User_232,0.010033444816053512,0.0004594816013456961,0.34054669703872437,0.038996673150829254,0.18195053906046638
User_180,0.013377926421404682,0.0018328840609011814,0.3322222222222222,0.030131644305347795,0.18151938024744632
User_036,0.013377926421404682,0.0010149335949128568,0.3344519015659955,0.030674088633729262,0.1813371474107134
User_194,0.010033444816053512,0.0012535088651138982,0.34328358208955223,0.033122752072785255,0.18075633619823314
User_148,0.013377926421404682,0.0020915572622038038,0.3348264277715566,0.026283424348790024,0.18060963633762495
User_250,0.010033444816053512,0.0007443973512288932,0.3409350057012543,0.03553086319056691,0.1804272967794954
User_082,0.010033444816053512,7.99593184994041e-05,0.3382352941176471,0.038749662369351325,0.18019399359388538
User_155,0.013377926421404682,0.0013829644969893234,0.32893289328932895,0.03135559654904701,0.1801674297185366
User_145,0.010033444816053512,0.00010264075987826827,0.3344519015659955,0.04107966801332115,0.1801620320541773
User_132,0.013377926421404682,0.0014888378341239357,0.32893289328932895,0.030731354567630636,0.17995995279259386
User_263,0.010033444816053512,0.0007832986394627415,0.33747178329571104,0.036159593275038045,0.17948429497566604
User_258,0.010033444816053512,0.0006949123204092409,0.33900226757369617,0.03510317794353755,0.17928731639260115
User_035,0.013377926421404682,0.0011828653346179453,0.3318534961154273,0.028607910362170925,0.17927669517700529
User_101,0.013377926421404682,0.0014300526959087811,0.32857142857142857,0.029381989900465474,0.17886236344798062
User_238,0.020066889632107024,0.0025199334031922676,0.30920372285418823,0.018793496892764577,0.17849142134928456
User_206,0.013377926421404682,0.002929032991711529,0.33002207505518766,0.0235537743688211,0.17840579829615918
User_216,0.010033444816053512,0.0007452146335650271,0.33861834654586637,0.03377743986212778,0.1783859732154482
User_065,0.013377926421404682,0.001709268410055359,0.3246471226927253,0.030055344362025175,0.17817989290542677
User_290,0.010033444816053512,0.000560582253536317,0.3370913190529876,0.03485775934970183,0.17812257401171258
User_087,0.010033444816053512,0.00022371596227605415,0.3370913190529876,0.03425666333028446,0.17715643435846246
User_270,0.010033444816053512,0.0011441951371556987,0.3370913190529876,0.031377185052768264,0.17695404235980175
User_141,0.016722408026755852,0.002239638860699022,0.3164021164021164,0.022024884978266112,0.17683328916220356
User_296,0.010033444816053512,0.0020839014980948783,0.3344519015659955,0.030265418747657084,0.17682469485578645
User_213,0.010033444816053512,0.0001237362744234578,0.3348264277715566,0.03540609094010472,0.17678472616851573
User_152,0.016722408026755852,0.0018818269809386977,0.3180851063829787,0.021400578072069062,0.17649930776379286
User_146,0.020066889632107024,0.0027060604566302073,0.30984455958549223,0.014529112447724313,0.17639622741779662
User_089,0.016722408026755852,0.0018626002654689297,0.3187633262260128,0.020433977638321662,0.1761335292793435
User_032,0.013377926421404682,0.0008263211207226803,0.32570806100217864,0.028230646277860212,0.1759217124874353
User_164,0.020066889632107024,0.001966944379004218,0.3044806517311609,0.018805408622256856,0.17561549324145445
User_210,0.010033444816053512,0.0006271835556383215,0.3340782122905028,0.03224569907812252,0.17537365633709473
User_149,0.016722408026755852,0.002039364108401093,0.31308900523560207,0.021624309358137406,0.1748865468772003
User_291,0.010033444816053512,0.0018592859666267658,0.3333333333333333,0.028293329041793946,0.17473867272664872
User_188,0.010033444816053512,0.0003455222636647163,0.326775956284153,0.03499067158264662,0.17364228762438508
User_225,0.010033444816053512,0.0005865826876476689,0.32893289328932895,0.03269139888159117,0.1734937985684642
User_073,0.016722408026755852,0.0013610614704252816,0.31048805815160957,0.022044368976434987,0.17290994044439173
User_174,0.010033444816053512,0.00030420896802173925,0.3296582138919515,0.03194104640639455,0.17282350340885266
User_227,0.010033444816053512,0.0005747072351535959,0.33148558758314856,0.029701946193195553,0.17263043834211442
User_121,0.013377926421404682,0.0012668183013548734,0.3150684931506849,0.028568562527913902,0.1725835320176738
User_137,0.010033444816053512,0.0002763393915860608,0.3253536452665941,0.033528230619242906,0.17202473871577648
User_106,0.016722408026755852,0.0019788142040479285,0.30856553147574817,0.020112305166148724,0.1719937867758202
User_100,0.016722408026755852,0.0021691817972352596,0.30952380952380953,0.017779870141211348,0.1712492422317021
User_187,0.010033444816053512,0.0006082445371507148,0.32641921397379914,0.02853648800376921,0.16989939297598827
User_160,0.020066889632107024,0.0016771861627017084,0.2975124378109453,0.014638841812893164,0.16966125896877962
User_255,0.010033444816053512,0.0007763621366953096,0.326775956284153,0.027390409027271766,0.16961745696683667
User_063,0.010033444816053512,0.0004654768853543097,0.326775956284153,0.02815481580773783,0.16955499870573026
User_249,0.010033444816053512,0.0020320929585894553,0.3253536452665941,0.024697242638306034,0.16954017910663033
User_219,0.013377926421404682,0.0019460906952040718,0.3167372881355932,0.020504146620040856,0.16937838371265002
User_284,0.010033444816053512,0.0014327695135220473,0.33038674033149174,0.022796075280589842,0.1693420358393229
User_274,0.010033444816053512,0.0003347768062010328,0.326775956284153,0.027619474976089475,0.16899024425948944
User_234,0.010033444816053512,0.0006717729618260801,0.325,0.024727836548559676,0.1670401257030907
User_292,0.010033444816053512,0.0007078371721432555,0.323943661971831,0.02277848902701861,0.1654489227989993
User_233,0.010033444816053512,0.0013528480870401872,0.3225458468176915,0.021856514799895175,0.16542832400253127
User_299,0.010033444816053512,0.0008218119361610321,0.32012847965738755,0.02445308459135572,0.16515152297262514
User_193,0.013377926421404682,0.0008382801710278694,0.31407563025210083,0.018348647471052287,0.16500811778899824
User_154,0.010033444816053512,0.0011570746110243814,0.3225458468176915,0.020467858435186167,0.16421355936341434
User_140,0.013377926421404682,0.0015202333118687894,0.31145833333333334,0.016819231726875623,0.16417508518230353
User_208,0.016722408026755852,0.0010800233290808848,0.2987012987012987,0.015103798088338618,0.16327086668477908
User_256,0.013377926421404682,0.002221028662078616,0.3082474226804124,0.015144666088061028,0.1630427038255802
User_277,0.010033444816053512,0.0007754383391888889,0.3174097664543524,0.02227842658990785,0.16259976864328354
User_171,0.016722408026755852,0.0013361942272469862,0.299,0.01235470826044935,0.16211154658447802
User_203,0.010033444816053512,0.0013616903522297996,0.31910352187833513,0.018043243876633825,0.16164922417770336
User_241,0.010033444816053512,0.0008557669656632158,0.31910352187833513,0.01891233089360924,0.16131194482558436
User_109,0.010033444816053512,0.0007108157173225371,0.3154008438818565,0.02162449369030318,0.16126020779081518
User_168,0.013377926421404682,0.001470883271188051,0.3044806517311609,0.015834756106531893,0.1606370132392346
User_092,0.010033444816053512,0.0004897468168166923,0.31910352187833513,0.01854108334937141,0.1604393648912051
User_230,0.010033444816053512,0.0004620629402338514,0.3164021164021164,0.019548644991205982,0.1599275103751653
User_157,0.013377926421404682,0.0013507680112091315,0.3026315789473684,0.01621260485996017,0.15991398286840364
User_266,0.010033444816053512,0.00021164159416572244,0.31016597510373445,0.02393330459934354,0.15971421399896082
User_237,0.010033444816053512,0.000524269772518347,0.31145833333333334,0.022094961150262007,0.15962940037277212
User_294,0.010033444816053512,0.001263545422170217,0.31473684210526315,0.017206418414000925,0.15917886250857846
User_218,0.010033444816053512,0.0007180582287197176,0.3127615062761506,0.01936101117394065,0.15877848605506956
User_207,0.013377926421404682,0.0013545428820453708,0.2995991983967936,0.015882880650206006,0.1584821148982516
User_153,0.013377926421404682,0.0010608441272498968,0.3023255813953488,0.014291063439643427,0.15807559750438055
User_223,0.010033444816053512,0.000504304762800706,0.31178310740354537,0.01921610042229303,0.15791684627591168
User_240,0.013377926421404682,0.0008555688331872153,0.3002008032128514,0.01562156392839858,0.15769070328458937
User_262,0.010033444816053512,0.0015228125646918652,0.31048805815160957,0.016721004772601213,0.15760144744032892
User_158,0.013377926421404682,0.0016093157279838113,0.3026315789473684,0.011668669846180596,0.1575093578651961
User_204,0.010033444816053512,0.0009769524978806452,0.3124346917450366,0.016691844794512904,0.15742018723200243
User_167,0.010033444816053512,0.0002814852037439031,0.31341719077568136,0.017427146166647547,0.1570667050262726
User_209,0.013377926421404682,0.0013852739787804408,0.3005025125628141,0.012591337193317648,0.15683359865043173
User_127,0.010033444816053512,0.00039146081150603023,0.30888429752066116,0.01962255823841709,0.15679828303130658
User_251,0.010033444816053512,0.0004370337422048152,0.3108108108108108,0.01766243211715857,0.15642800883215618
User_297,0.010033444816053512,0.0004659058356243814,0.30479102956167176,0.02108234179267018,0.15618391579305083
User_172,0.010033444816053512,0.00039120353174514733,0.30666666666666664,0.01974005756424142,0.15597128706413008
User_214,0.010033444816053512,0.0006434877158991643,0.3082474226804124,0.017156043426366726,0.15542947987550382
User_236,0.013377926421404682,0.0015233443114057946,0.2934249263984298,0.013499324356117462,0.15477181517585764
User_248,0.013377926421404682,0.0009564869987414664,0.29840319361277445,0.011563445616210226,0.1545862919953437
User_228,0.013377926421404682,0.0012744204024520637,0.29721669980119286,0.01129346543294411,0.15449009835146654
User_257,0.013377926421404682,0.001706069558188385,0.29400196656833827,0.011791299388585676,0.15425161601509316
User_177,0.010033444816053512,0.00031243822020123334,0.30635245901639346,0.017334599384525036,0.15419416759963162
User_244,0.013377926421404682,0.0007610121737399756,0.2948717948717949,0.013570573897119588,0.15407270202795145
User_185,0.013377926421404682,0.0014895847250378533,0.293713163064833,0.012049847864993279,0.15391879607272863
User_205,0.010033444816053512,0.0005487490814944893,0.3014112903225806,0.019323203234099057,0.15385062016579987
User_166,0.010033444816053512,0.0006657708849546374,0.3044806517311609,0.01637573644465515,0.15344853739438505
User_090,0.010033444816053512,0.000321882922565341,0.3035532994923858,0.017498264429575777,0.15317702126706045
User_242,0.013377926421404682,0.0007295848112440854,0.29458128078817736,0.011513500479285786,0.15260685731255985
User_273,0.010033444816053512,0.00044421947029109994,0.3005025125628141,0.017979218424055223,0.15245430305134017
User_147,0.010033444816053512,0.0003819935251155546,0.3057259713701431,0.014642879763881497,0.1523693530320883
User_252,0.013377926421404682,0.0008933627298602197,0.2925636007827789,0.011927443679809581,0.15233385482852738
User_272,0.010033444816053512,0.0004123025756362038,0.3026315789473684,0.016309089980301766,0.15221322175040797
User_212,0.010033444816053512,0.0005418618740375691,0.3029381965552178,0.01545752853590933,0.15202871838635376
User_184,0.013377926421404682,0.0012743653304847574,0.2911392405063291,0.010938489716954923,0.15179930638216765
User_198,0.013377926421404682,0.000798826906975131,0.293713163064833,0.009913535598320557,0.15136962806010656
User_286,0.010033444816053512,0.0006320179366775699,0.302020202020202,0.014297573585514953,0.15108433772208418
User_265,0.010033444816053512,0.0008187200938234942,0.3026315789473684,0.01307557747532586,0.15089052614578063
User_243,0.010033444816053512,0.0006532109859505784,0.29989969909729186,0.01528947987328923,0.15088386076580493
User_220,0.013377926421404682,0.0008277280787022508,0.28530534351145037,0.01416952266414437,0.15068152343444643
User_293,0.010033444816053512,0.0003696795631024689,0.302020202020202,0.013527097045623092,0.15014188878277965
User_175,0.013377926421404682,0.0009197289694087588,0.2869481765834933,0.011753622180611873,0.14999066843937747
User_279,0.010033444816053512,0.0008876942963481787,0.299,0.012817423009936265,0.14937422357948033
User_131,0.010033444816053512,0.0004889570359454452,0.2995991983967936,0.013450988686614037,0.1493193828063358
User_239,0.010033444816053512,0.00016069578705558664,0.29545454545454547,0.015414177087192173,0.14829727874472626
User_235,0.010033444816053512,0.0005870260466116902,0.29458128078817736,0.01474538880440598,0.14826689250875674
User_124,0.010033444816053512,0.00016285509063448952,0.29458128078817736,0.01536445465839178,0.14791523304237164
User_189,0.010033444816053512,0.0005992702271577123,0.29574678536102866,0.012447292869326287,0.14731699129955245
User_298,0.010033444816053512,0.0002860353847239956,0.296039603960396,0.012948681913161165,0.14720399610096088
User_247,0.010033444816053512,0.0009328206679884302,0.29516288252714706,0.011717229973649376,0.14720354371104782
User_176,0.010033444816053512,0.0007198136366506772,0.29633300297324083,0.011004129952821039,0.14685840551338664
User_211,0.010033444816053512,0.0002489785012333798,0.29516288252714706,0.012094364824362455,0.14624631860418108
User_288,0.010033444816053512,0.0005786455485787365,0.29574678536102866,0.010081406543941174,0.1457938581783963
User_173,0.010033444816053512,0.00042857368506624415,0.29400196656833827,0.011443998810294648,0.14567981550897352
User_276,0.010033444816053512,0.0005206595246819805,0.2948717948717949,0.010571229156203933,0.1456452116697073
User_295,0.010033444816053512,0.0002816981688627168,0.29545454545454547,0.010738194031081403,0.14556944035950004
User_226,0.010033444816053512,0.00028296542164021643,0.2908560311284047,0.012829642684097949,0.1450191761435352
User_282,0.010033444816053512,0.00028876403274482405,0.29142300194931775,0.012133960082229951,0.14482222268001957
User_280,0.010033444816053512,0.00037585002194282576,0.2917073170731707,0.01024339972030824,0.14390140911821545
User_183,0.010033444816053512,0.000383423117237416,0.2911392405063291,0.010228532620722678,0.1436746395335308
User_142,0.010033444816053512,0.00032159834688164665,0.2911392405063291,0.010386474527634778,0.14366594399752625
User_202,0.010033444816053512,0.0002077759996671059,0.2894482090997096,0.011552500647240926,0.14351349251320297
User_254,0.010033444816053512,0.0006365294782079369,0.28916827852998067,0.009968257903814979,0.14315282103483598
User_285,0.010033444816053512,0.00045919310363413236,0.28972868217054265,0.009652249857560559,0.1428720198718603
User_245,0.013377926421404682,0.0008789040731082941,0.27634011090573013,0.006981409856680263,0.14261263698113683
User_182,0.010033444816053512,0.0004265650537900319,0.2902912621359223,0.008783990089824379,0.1424976983682467
User_260,0.010033444816053512,0.0006774449548601929,0.2886100386100386,0.009002942389391966,0.14239085654676628
User_181,0.010033444816053512,0.0003657004464076861,0.2861244019138756,0.010257659511148341,0.1416258712686905
User_271,0.010033444816053512,0.0008633127638446182,0.28530534351145037,0.008960185358917816,0.14134681259622872
User_269,0.010033444816053512,0.00015955963164133736,0.2831439393939394,0.011160399452295721,0.14062316510139516
User_275,0.010033444816053512,0.00022612807025205794,0.28422053231939165,0.008845520536891586,0.1397214880149425
User_196,0.010033444816053512,0.000676339463788017,0.2836812144212524,0.007877019512885863,0.13968000849173823
User_215,0.010033444816053512,0.0005837637424704373,0.2831439393939394,0.007923533920996836,0.13932942484801158
User_217,0.010033444816053512,0.00046678439727473127,0.2794392523364486,0.009888528118611904,0.13885607878431008
User_287,0.010033444816053512,0.00043608152573454325,0.28101503759398494,0.006953451867867683,0.13759737234711794
User_278,0.010033444816053512,0.00048513740934970774,0.27557603686635945,0.006766977251424362,0.13535748987667914
User_283,0.010033444816053512,0.000522001942366838,0.27231329690346084,0.005795636681089776,0.13348658229167384
